{
  "total_episodes": 500,
  "n_success": 493,
  "success_rate": 0.986,
  "avg_plan_ms": 926.3696,
  "std_plan_ms": 750.2117216865116,
  "avg_exec_ms": 14473.767800000001,
  "std_exec_ms": 1105.6954349110608,
  "avg_wall_s": 16.4398032,
  "std_wall_s": 1.3460462729452358,
  "avg_steps": 669.494,
  "seg0_avg_plan_ms": 197.84159999999997,
  "seg0_avg_exec_ms": 89.11280000000001,
  "seg1_avg_plan_ms": 112.7082,
  "seg1_avg_exec_ms": 2290.761,
  "seg2_avg_plan_ms": 127.75160000000001,
  "seg2_avg_exec_ms": 2792.3358,
  "seg3_avg_plan_ms": 114.3732,
  "seg3_avg_exec_ms": 1987.4784,
  "seg4_avg_plan_ms": 111.09339999999999,
  "seg4_avg_exec_ms": 2968.792,
  "seg5_avg_plan_ms": 148.1888,
  "seg5_avg_exec_ms": 2957.1227999999996,
  "seg6_avg_plan_ms": 114.41380000000001,
  "seg6_avg_exec_ms": 1388.169
}